"DESCRIPTION","DURATION IN MS","NAME","PARENT SUITE","START TIME","STATUS","STOP TIME","SUB SUITE","SUITE","TEST CLASS","TEST METHOD"
"","5362","В данном тесте будем  проверять IP связность с P2P соседями маршрутизатора","function_autotests.part001","Mon Jun 16 16:22:48 GMT+07:00 2025","passed","Mon Jun 16 16:22:54 GMT+07:00 2025","","test_0005_part1","",""
"","1534","В данном тесте будем  проверять доступность маршрутизатора по протоколу SSH","function_autotests.part001","Mon Jun 16 16:22:40 GMT+07:00 2025","passed","Mon Jun 16 16:22:41 GMT+07:00 2025","","test_0004_part1","",""
"","1837","В данном тесте будем  проверять вывод команды show lldp","function_autotests.part003","Mon Jun 16 16:34:10 GMT+07:00 2025","passed","Mon Jun 16 16:34:12 GMT+07:00 2025","","test_0002_part3","",""
"","729","В данном тесте проверяется show process cpu","function_autotests.part002","Mon Jun 16 16:33:38 GMT+07:00 2025","passed","Mon Jun 16 16:33:39 GMT+07:00 2025","","test_0024_part2","",""
"","3380","В данном тесте будем проверять формирование backup-файла конфигурации ME маршрутизатора на TFTP сервере","function_autotests.part002","Mon Jun 16 16:23:18 GMT+07:00 2025","passed","Mon Jun 16 16:23:22 GMT+07:00 2025","","test_0002_part2","",""
"","682","Проверка вывода команды show mpls ldp parameters","function_autotests.part004.part004.06","Mon Jun 16 16:43:32 GMT+07:00 2025","passed","Mon Jun 16 16:43:33 GMT+07:00 2025","","test_0006_part4_6","",""
"","71944","Загрузка конфигурации на ME маршрутизатор","function_autotests.part021.part021.3","Mon Jun 16 17:12:45 GMT+07:00 2025","passed","Mon Jun 16 17:13:57 GMT+07:00 2025","","test_0001_part21_3","",""
"","2025","В данном тесте будем  проверять вывод комнады show lldp interface","function_autotests.part003","Mon Jun 16 16:34:29 GMT+07:00 2025","passed","Mon Jun 16 16:34:31 GMT+07:00 2025","","test_0006_part3","",""
"","41025","Проверка балансировки IGP: ISIS трафика между интерфейсами","function_autotests.part021.part021.1","Mon Jun 16 16:46:48 GMT+07:00 2025","passed","Mon Jun 16 16:47:29 GMT+07:00 2025","","test_0004_part21_1","",""
"","716","В данном тесте будем проверять вывод команды show system","function_autotests.part002","Mon Jun 16 16:24:05 GMT+07:00 2025","passed","Mon Jun 16 16:24:06 GMT+07:00 2025","","test_0006_part2","",""
"","219827","Проверка балансировки L3VPN IGP: OSPF трафика между интерфейсами с отключением интерфейсов","function_autotests.part021.part021.3","Mon Jun 16 17:20:10 GMT+07:00 2025","passed","Mon Jun 16 17:23:49 GMT+07:00 2025","","test_0005_part21_3","",""
"","31419","Загрузка конфигурации на ME маршрутизатор","function_autotests.part021.part021.2","Mon Jun 16 16:58:26 GMT+07:00 2025","passed","Mon Jun 16 16:58:57 GMT+07:00 2025","","test_0001_part21_2","",""
"","5117","Проверка базового функционала ECMP","function_autotests.part021.part021.1","Mon Jun 16 16:45:56 GMT+07:00 2025","passed","Mon Jun 16 16:46:02 GMT+07:00 2025","","test_0003_part21_1","",""
"","36406","Загрузка конфигурации на ME маршрутизатор","function_autotests.part000","Mon Jun 16 16:20:56 GMT+07:00 2025","passed","Mon Jun 16 16:21:33 GMT+07:00 2025","","test_0001_part0","",""
"","1024","В данном тесте будем проверять вывод команды show interface status","function_autotests.part002","Mon Jun 16 16:24:18 GMT+07:00 2025","passed","Mon Jun 16 16:24:19 GMT+07:00 2025","","test_0011_part2","",""
"","12395","Загрузка конфигурации на ME маршрутизатор","function_autotests.part004.part004.02","Mon Jun 16 16:34:48 GMT+07:00 2025","passed","Mon Jun 16 16:35:01 GMT+07:00 2025","","test_0001_part4_2","",""
"","4361","Загрузка конфигурации на ME маршрутизатор","function_autotests.part000","Mon Jun 16 16:20:48 GMT+07:00 2025","passed","Mon Jun 16 16:20:52 GMT+07:00 2025","","test_0001_part0","",""
"","181510","Проверка балансировки IGP: ISIS трафика между интерфейсами с отключением интерфейсов","function_autotests.part021.part021.1","Mon Jun 16 16:48:10 GMT+07:00 2025","passed","Mon Jun 16 16:51:11 GMT+07:00 2025","","test_0005_part21_1","",""
"","19867","Проверка базового функционала ECMP","function_autotests.part021.part021.2","Mon Jun 16 16:58:57 GMT+07:00 2025","passed","Mon Jun 16 16:59:17 GMT+07:00 2025","","test_0003_part21_2","",""
"","180833","Проверка балансировки IGP: ISIS трафика между интерфейсами с отключением интерфейсов","function_autotests.part021.part021.1","Mon Jun 16 16:54:17 GMT+07:00 2025","passed","Mon Jun 16 16:57:17 GMT+07:00 2025","","test_0005_part21_1","",""
"","2488","Выполнение команды lfa protection disable на интерфейсе bu1 и проверка вывода команды show route isis","function_autotests.part004.part004.04","Mon Jun 16 16:41:13 GMT+07:00 2025","passed","Mon Jun 16 16:41:16 GMT+07:00 2025","","test_0004_part4_4","",""
"","41021","Проверка балансировки IGP: OSPF трафика между интерфейсами","function_autotests.part021.part021.3","Mon Jun 16 17:15:58 GMT+07:00 2025","passed","Mon Jun 16 17:16:39 GMT+07:00 2025","","test_0004_part21_3","",""
"","20388","Загрузка конфигурации на ME маршрутизатор","function_autotests.part004.part004.06","Mon Jun 16 16:41:40 GMT+07:00 2025","passed","Mon Jun 16 16:42:01 GMT+07:00 2025","","test_0001_part4_6","",""
"","170349","Проверка балансировки IGP: OSPF трафика между интерфейсами с отключением интерфейсов","function_autotests.part021.part021.2","Mon Jun 16 17:04:32 GMT+07:00 2025","passed","Mon Jun 16 17:07:23 GMT+07:00 2025","","test_0005_part21_2","",""
"","727","В данном тесте проверяется show process cpu","function_autotests.part002","Mon Jun 16 16:33:37 GMT+07:00 2025","passed","Mon Jun 16 16:33:38 GMT+07:00 2025","","test_0024_part2","",""
"","493","В данном тесте будем тестировать banner motd и banner login для telnet-соединения при выключенном tacacs-сервере","function_autotests.part002","Mon Jun 16 16:27:07 GMT+07:00 2025","passed","Mon Jun 16 16:27:07 GMT+07:00 2025","","test_0020_part2","",""
"","660","Проверка вывода команды show route rib summary точное кол-во различных типов маршрутов НЕ проверяется, т.к. оно отличается у разных рутеров тестового стенда","function_autotests.part004.part004.02","Mon Jun 16 16:37:37 GMT+07:00 2025","passed","Mon Jun 16 16:37:38 GMT+07:00 2025","","test_0008_part4_2","",""
"","958","Проверка вывода команды show mpls ldp binding remote","function_autotests.part004.part004.06","Mon Jun 16 16:43:28 GMT+07:00 2025","passed","Mon Jun 16 16:43:29 GMT+07:00 2025","","test_0004_part4_6","",""
"","8343","Загрузка конфигурации на ME маршрутизатор","function_autotests.part003","Mon Jun 16 16:33:47 GMT+07:00 2025","passed","Mon Jun 16 16:33:56 GMT+07:00 2025","","test_0001_part3","",""
"","955","Проверка вывода команды show mpls ldp binding local","function_autotests.part004.part004.06","Mon Jun 16 16:43:26 GMT+07:00 2025","passed","Mon Jun 16 16:43:26 GMT+07:00 2025","","test_0003_part4_6","",""
"","208864","Проверка балансировки L3VPN IGP: OSPF трафика между интерфейсами с отключением интерфейсов","function_autotests.part021.part021.3","Mon Jun 16 17:16:39 GMT+07:00 2025","passed","Mon Jun 16 17:20:08 GMT+07:00 2025","","test_0005_part21_3","",""
"","692","В данном тесте будем проверять вывод команды show version","function_autotests.part002","Mon Jun 16 16:24:13 GMT+07:00 2025","passed","Mon Jun 16 16:24:14 GMT+07:00 2025","","test_0009_part2","",""
"","639","В данном тесте будем проверять вывод команды show ntp associations","function_autotests.part002","Mon Jun 16 16:24:02 GMT+07:00 2025","passed","Mon Jun 16 16:24:03 GMT+07:00 2025","","test_0004_part2","",""
"","692","В данном тесте будем проверять вывод команды show version","function_autotests.part002","Mon Jun 16 16:24:12 GMT+07:00 2025","passed","Mon Jun 16 16:24:12 GMT+07:00 2025","","test_0009_part2","",""
"","2788","Выполнение команды lfa protection disable на интерфейсе bu1 и проверка вывода команды show route isis","function_autotests.part004.part004.04","Mon Jun 16 16:41:08 GMT+07:00 2025","passed","Mon Jun 16 16:41:11 GMT+07:00 2025","","test_0004_part4_4","",""
"","1343","В данном тесте будем проверять вывод команды show firmware","function_autotests.part002","Mon Jun 16 16:24:25 GMT+07:00 2025","passed","Mon Jun 16 16:24:27 GMT+07:00 2025","","test_0013_part2","",""
"","952","Проверка вывода команды show mpls ldp binding remote","function_autotests.part004.part004.06","Mon Jun 16 16:43:27 GMT+07:00 2025","passed","Mon Jun 16 16:43:28 GMT+07:00 2025","","test_0004_part4_6","",""
"","7","В данном тесте будем проверять вывод команды snmpwalk при взаимодействии с маршрутизатором ME","function_autotests.part002","Mon Jun 16 16:24:04 GMT+07:00 2025","passed","Mon Jun 16 16:24:04 GMT+07:00 2025","","test_0005_part2","",""
"","41159","В данном тесте будем проверять частоту обновления arp-таблицы","function_autotests.part002","Mon Jun 16 16:25:15 GMT+07:00 2025","passed","Mon Jun 16 16:25:56 GMT+07:00 2025","","test_0017_part2","",""
"","127553","В данном тесте проверяется session-limit для telnet/ssh","function_autotests.part002","Mon Jun 16 16:31:26 GMT+07:00 2025","passed","Mon Jun 16 16:33:33 GMT+07:00 2025","","test_0022_part2","",""
"","2605","Выполнение команды lfa exclude на интерфейсе int1 и проверка вывода команды show route isis","function_autotests.part004.part004.04","Mon Jun 16 16:41:30 GMT+07:00 2025","passed","Mon Jun 16 16:41:33 GMT+07:00 2025","","test_0005_part4_4","",""
"","789","В данном тесте будем проверять вывод команды show system environment","function_autotests.part002","Mon Jun 16 16:24:10 GMT+07:00 2025","passed","Mon Jun 16 16:24:11 GMT+07:00 2025","","test_0008_part2","",""
"","8189","В данном тесте будем проверять работу arp-proxy","function_autotests.part002","Mon Jun 16 16:26:38 GMT+07:00 2025","passed","Mon Jun 16 16:26:46 GMT+07:00 2025","","test_0018_part2","",""
"","518","В данном тесте будем  проверять доступность маршрутизатора по протоколу Telnet","function_autotests.part001","Mon Jun 16 16:22:37 GMT+07:00 2025","passed","Mon Jun 16 16:22:37 GMT+07:00 2025","","test_0003_part1","",""
"","13340","Загрузка конфигурации на ME маршрутизатор","function_autotests.part004.part004.02","Mon Jun 16 16:34:35 GMT+07:00 2025","passed","Mon Jun 16 16:34:48 GMT+07:00 2025","","test_0001_part4_2","",""
"","9689","Проверка базового функционала ECMP","function_autotests.part021.part021.2","Mon Jun 16 16:59:27 GMT+07:00 2025","passed","Mon Jun 16 16:59:36 GMT+07:00 2025","","test_0003_part21_2","",""
"","544","В данном тесте будем проверять вывод команды show privilege","function_autotests.part002","Mon Jun 16 16:24:27 GMT+07:00 2025","passed","Mon Jun 16 16:24:28 GMT+07:00 2025","","test_0014_part2","",""
"","4400","Загрузка конфигурации на ME маршрутизатор","function_autotests.part000","Mon Jun 16 16:20:52 GMT+07:00 2025","passed","Mon Jun 16 16:20:56 GMT+07:00 2025","","test_0001_part0","",""
"","660","Проверка вывода команды show route rib summary точное кол-во различных типов маршрутов НЕ проверяется, т.к. оно отличается у разных рутеров тестового стенда","function_autotests.part004.part004.02","Mon Jun 16 16:37:39 GMT+07:00 2025","passed","Mon Jun 16 16:37:39 GMT+07:00 2025","","test_0008_part4_2","",""
"","31491","Загрузка конфигурации на ME маршрутизатор","function_autotests.part021.part021.2","Mon Jun 16 16:57:54 GMT+07:00 2025","passed","Mon Jun 16 16:58:26 GMT+07:00 2025","","test_0001_part21_2","",""
"","1263","В данном тесте будем проверять функционал ARP","function_autotests.part002","Mon Jun 16 16:24:30 GMT+07:00 2025","passed","Mon Jun 16 16:24:32 GMT+07:00 2025","","test_0016_part2","",""
"","71710","Загрузка конфигурации на ME маршрутизатор","function_autotests.part021.part021.3","Mon Jun 16 17:11:34 GMT+07:00 2025","passed","Mon Jun 16 17:12:45 GMT+07:00 2025","","test_0001_part21_3","",""
"","631","Проверка вывода команды show mpls ldp forwarding","function_autotests.part004.part004.06","Mon Jun 16 16:43:32 GMT+07:00 2025","passed","Mon Jun 16 16:43:32 GMT+07:00 2025","","test_0005_part4_6","",""
"","490","В данном тесте будем тестировать banner motd и banner login для telnet-соединения при выключенном tacacs-сервере","function_autotests.part002","Mon Jun 16 16:27:06 GMT+07:00 2025","passed","Mon Jun 16 16:27:06 GMT+07:00 2025","","test_0020_part2","",""
"","16814","Загрузка конфигурации на ME маршрутизатор","function_autotests.part004.part004.04","Mon Jun 16 16:37:58 GMT+07:00 2025","passed","Mon Jun 16 16:38:15 GMT+07:00 2025","","test_0001_part4_4","",""
"","834","Проверка вывода команды show route","function_autotests.part004.part004.02","Mon Jun 16 16:37:21 GMT+07:00 2025","passed","Mon Jun 16 16:37:22 GMT+07:00 2025","","test_0006_part4_2","",""
"","1021","В данном тесте будем проверять вывод команды show interface status","function_autotests.part002","Mon Jun 16 16:24:16 GMT+07:00 2025","passed","Mon Jun 16 16:24:17 GMT+07:00 2025","","test_0011_part2","",""
"","1119","В данном тесте проверяется show processes memory","function_autotests.part002","Mon Jun 16 16:33:33 GMT+07:00 2025","passed","Mon Jun 16 16:33:34 GMT+07:00 2025","","test_0023_part2","",""
"","838","В данном тесте будем проверять вывод команды show system inventory","function_autotests.part002","Mon Jun 16 16:24:07 GMT+07:00 2025","passed","Mon Jun 16 16:24:07 GMT+07:00 2025","","test_0007_part2","",""
"","170186","Проверка балансировки IGP: OSPF трафика между интерфейсами с отключением интерфейсов","function_autotests.part021.part021.2","Mon Jun 16 17:07:25 GMT+07:00 2025","passed","Mon Jun 16 17:10:15 GMT+07:00 2025","","test_0005_part21_2","",""
"","127297","В данном тесте проверяется session-limit для telnet/ssh","function_autotests.part002","Mon Jun 16 16:29:16 GMT+07:00 2025","passed","Mon Jun 16 16:31:24 GMT+07:00 2025","","test_0022_part2","",""
"","1630","Проверка вывода команды show isis fast-reroute","function_autotests.part004.part004.04","Mon Jun 16 16:41:37 GMT+07:00 2025","passed","Mon Jun 16 16:41:39 GMT+07:00 2025","","test_0006_part4_4","",""
"","37557","Загрузка конфигурации на ME маршрутизатор","function_autotests.part021.part021.1","Mon Jun 16 16:44:54 GMT+07:00 2025","passed","Mon Jun 16 16:45:31 GMT+07:00 2025","","test_0001_part21_1","",""
"","944","Проверка вывода команды show mpls ldp binding remote","function_autotests.part004.part004.06","Mon Jun 16 16:43:29 GMT+07:00 2025","passed","Mon Jun 16 16:43:30 GMT+07:00 2025","","test_0004_part4_6","",""
"","41033","Проверка балансировки IGP: ISIS трафика между интерфейсами","function_autotests.part021.part021.1","Mon Jun 16 16:46:07 GMT+07:00 2025","passed","Mon Jun 16 16:46:48 GMT+07:00 2025","","test_0004_part21_1","",""
"","704","В данном тесте будем проверять вывод команды show system","function_autotests.part002","Mon Jun 16 16:24:04 GMT+07:00 2025","passed","Mon Jun 16 16:24:05 GMT+07:00 2025","","test_0006_part2","",""
"","1265","В данном тесте будем проверять вывод команды show interface utilization","function_autotests.part002","Mon Jun 16 16:24:20 GMT+07:00 2025","passed","Mon Jun 16 16:24:21 GMT+07:00 2025","","test_0012_part2","",""
"","1634","Проверка вывода команды show isis fast-reroute","function_autotests.part004.part004.04","Mon Jun 16 16:41:39 GMT+07:00 2025","passed","Mon Jun 16 16:41:40 GMT+07:00 2025","","test_0006_part4_4","",""
"","488","В данном тесте будем тестировать banner motd и banner login для telnet-соединения при выключенном tacacs-сервере","function_autotests.part002","Mon Jun 16 16:27:06 GMT+07:00 2025","passed","Mon Jun 16 16:27:07 GMT+07:00 2025","","test_0020_part2","",""
"","19553","Проверка базового функционала ECMP","function_autotests.part021.part021.3","Mon Jun 16 17:13:57 GMT+07:00 2025","passed","Mon Jun 16 17:14:17 GMT+07:00 2025","","test_0003_part21_3","",""
"","1145","Проверка вывода команды show isis interface","function_autotests.part004.part004.02","Mon Jun 16 16:37:14 GMT+07:00 2025","passed","Mon Jun 16 16:37:16 GMT+07:00 2025","","test_0004_part4_2","",""
"","2783","В данном тесте будем  проверять вывод команды show lldp","function_autotests.part003","Mon Jun 16 16:34:07 GMT+07:00 2025","passed","Mon Jun 16 16:34:10 GMT+07:00 2025","","test_0002_part3","",""
"","540","В данном тесте будем проверять вывод команды show privilege","function_autotests.part002","Mon Jun 16 16:24:27 GMT+07:00 2025","passed","Mon Jun 16 16:24:27 GMT+07:00 2025","","test_0014_part2","",""
"","634","В данном тесте будем проверять вывод команды show ntp associations","function_autotests.part002","Mon Jun 16 16:24:04 GMT+07:00 2025","passed","Mon Jun 16 16:24:04 GMT+07:00 2025","","test_0004_part2","",""
"","41027","Проверка балансировки IGP: OSPF трафика между интерфейсами","function_autotests.part021.part021.3","Mon Jun 16 17:14:36 GMT+07:00 2025","passed","Mon Jun 16 17:15:17 GMT+07:00 2025","","test_0004_part21_3","",""
"","1780","В данном тесте будем  проверять вывод комнады show lldp statistic","function_autotests.part003","Mon Jun 16 16:34:15 GMT+07:00 2025","passed","Mon Jun 16 16:34:17 GMT+07:00 2025","","test_0003_part3","",""
"","41024","Проверка балансировки IGP: OSPF трафика между интерфейсами","function_autotests.part021.part021.2","Mon Jun 16 17:00:17 GMT+07:00 2025","passed","Mon Jun 16 17:00:58 GMT+07:00 2025","","test_0004_part21_2","",""
"","3149","В данном тесте будем тестировать banner motd и banner login для ssh-соединения при выключенном tacacs-сервере","function_autotests.part002","Mon Jun 16 16:26:59 GMT+07:00 2025","passed","Mon Jun 16 16:27:02 GMT+07:00 2025","","test_0019_part2","",""
"","41166","В данном тесте будем проверять частоту обновления arp-таблицы","function_autotests.part002","Mon Jun 16 16:25:56 GMT+07:00 2025","passed","Mon Jun 16 16:26:38 GMT+07:00 2025","","test_0017_part2","",""
"","57935","Загрузка конфигурации на Juniper маршрутизатор","function_autotests.part004.part004.02","Mon Jun 16 16:35:13 GMT+07:00 2025","passed","Mon Jun 16 16:36:11 GMT+07:00 2025","","test_0002_part4_2","",""
"","37909","Загрузка конфигурации на ME маршрутизатор","function_autotests.part021.part021.1","Mon Jun 16 16:44:16 GMT+07:00 2025","passed","Mon Jun 16 16:44:54 GMT+07:00 2025","","test_0001_part21_1","",""
"","823","В данном тесте будем проверять вывод команды show system inventory","function_autotests.part002","Mon Jun 16 16:24:08 GMT+07:00 2025","passed","Mon Jun 16 16:24:09 GMT+07:00 2025","","test_0007_part2","",""
"","41490","Загрузка конфигурации на ME маршрутизатор","function_autotests.part021.part021.1","Mon Jun 16 16:43:34 GMT+07:00 2025","passed","Mon Jun 16 16:44:16 GMT+07:00 2025","","test_0001_part21_1","",""
"","660","Проверка вывода команды show mpls ldp parameters","function_autotests.part004.part004.06","Mon Jun 16 16:43:33 GMT+07:00 2025","passed","Mon Jun 16 16:43:34 GMT+07:00 2025","","test_0006_part4_6","",""
"","2462","Выполнение команды lfa protection disable на интерфейсе bu1 и проверка вывода команды show route isis","function_autotests.part004.part004.04","Mon Jun 16 16:41:11 GMT+07:00 2025","passed","Mon Jun 16 16:41:13 GMT+07:00 2025","","test_0004_part4_4","",""
"","1257","В данном тесте будем проверять функционал ARP","function_autotests.part002","Mon Jun 16 16:24:33 GMT+07:00 2025","passed","Mon Jun 16 16:24:34 GMT+07:00 2025","","test_0016_part2","",""
"","41019","Проверка балансировки IGP: OSPF трафика между интерфейсами","function_autotests.part021.part021.3","Mon Jun 16 17:15:17 GMT+07:00 2025","passed","Mon Jun 16 17:15:58 GMT+07:00 2025","","test_0004_part21_3","",""
"","14605","Выполнение команды lfa exclude на интерфейсе int1 и проверка вывода команды show route isis","function_autotests.part004.part004.04","Mon Jun 16 16:41:16 GMT+07:00 2025","passed","Mon Jun 16 16:41:30 GMT+07:00 2025","","test_0005_part4_4","",""
"","1161","Проверка вывода команды show isis interface","function_autotests.part004.part004.02","Mon Jun 16 16:37:16 GMT+07:00 2025","passed","Mon Jun 16 16:37:17 GMT+07:00 2025","","test_0004_part4_2","",""
"","2073","В данном тесте будем  проверять вывод комнады show lldp neighbors detail","function_autotests.part003","Mon Jun 16 16:34:23 GMT+07:00 2025","passed","Mon Jun 16 16:34:25 GMT+07:00 2025","","test_0005_part3","",""
"","699","В данном тесте будем проверять вывод команды show version","function_autotests.part002","Mon Jun 16 16:24:12 GMT+07:00 2025","passed","Mon Jun 16 16:24:13 GMT+07:00 2025","","test_0009_part2","",""
"","1780","В данном тесте будем  проверять вывод комнады show lldp neighbors","function_autotests.part003","Mon Jun 16 16:34:21 GMT+07:00 2025","passed","Mon Jun 16 16:34:23 GMT+07:00 2025","","test_0004_part3","",""
"","127543","В данном тесте проверяется session-limit для telnet/ssh","function_autotests.part002","Mon Jun 16 16:27:07 GMT+07:00 2025","passed","Mon Jun 16 16:29:15 GMT+07:00 2025","","test_0022_part2","",""
"","11617","В данном тесте будем выполнять команду-маркер на ME маршрутизаторе, а затем искать её в журнале выполненных команд syslog-сервера","function_autotests.part002","Mon Jun 16 16:23:39 GMT+07:00 2025","passed","Mon Jun 16 16:23:51 GMT+07:00 2025","","test_0003_part2","",""
"","1791","В данном тесте будем  проверять вывод команды show lldp","function_autotests.part003","Mon Jun 16 16:34:05 GMT+07:00 2025","passed","Mon Jun 16 16:34:07 GMT+07:00 2025","","test_0002_part3","",""
"","1775","В данном тесте будем  проверять вывод комнады show lldp neighbors","function_autotests.part003","Mon Jun 16 16:34:17 GMT+07:00 2025","passed","Mon Jun 16 16:34:19 GMT+07:00 2025","","test_0004_part3","",""
"","632","Проверка вывода команды show mpls ldp forwarding","function_autotests.part004.part004.06","Mon Jun 16 16:43:31 GMT+07:00 2025","passed","Mon Jun 16 16:43:32 GMT+07:00 2025","","test_0005_part4_6","",""
"","1073","В данном тесте проверяется show processes memory","function_autotests.part002","Mon Jun 16 16:33:34 GMT+07:00 2025","passed","Mon Jun 16 16:33:35 GMT+07:00 2025","","test_0023_part2","",""
"","41034","Проверка балансировки IGP: ISIS трафика между интерфейсами","function_autotests.part021.part021.1","Mon Jun 16 16:47:29 GMT+07:00 2025","passed","Mon Jun 16 16:48:10 GMT+07:00 2025","","test_0004_part21_1","",""
"","822","В данном тесте будем проверять вывод команды show system inventory","function_autotests.part002","Mon Jun 16 16:24:07 GMT+07:00 2025","passed","Mon Jun 16 16:24:08 GMT+07:00 2025","","test_0007_part2","",""
"","1881","В данном тесте будем  проверять вывод комнады show lldp neighbors detail","function_autotests.part003","Mon Jun 16 16:34:27 GMT+07:00 2025","passed","Mon Jun 16 16:34:29 GMT+07:00 2025","","test_0005_part3","",""
"","739","В данном тесте будем проверять вывод команды show interface description","function_autotests.part002","Mon Jun 16 16:24:14 GMT+07:00 2025","passed","Mon Jun 16 16:24:15 GMT+07:00 2025","","test_0010_part2","",""
"","740","Проверка вывода команды show route isis при включённом функционале LFA","function_autotests.part004.part004.04","Mon Jun 16 16:41:06 GMT+07:00 2025","passed","Mon Jun 16 16:41:06 GMT+07:00 2025","","test_0003_part4_4","",""
"","1622","Проверка вывода команды show isis fast-reroute","function_autotests.part004.part004.04","Mon Jun 16 16:41:36 GMT+07:00 2025","passed","Mon Jun 16 16:41:37 GMT+07:00 2025","","test_0006_part4_4","",""
"","170937","Проверка балансировки IGP: OSPF трафика между интерфейсами с отключением интерфейсов","function_autotests.part021.part021.2","Mon Jun 16 17:01:39 GMT+07:00 2025","passed","Mon Jun 16 17:04:30 GMT+07:00 2025","","test_0005_part21_2","",""
"","817","В данном тесте будем проверять вывод команды show system environment","function_autotests.part002","Mon Jun 16 16:24:09 GMT+07:00 2025","passed","Mon Jun 16 16:24:10 GMT+07:00 2025","","test_0008_part2","",""
"","18238","Загрузка конфигурации на ME маршрутизатор","function_autotests.part004.part004.06","Mon Jun 16 16:42:01 GMT+07:00 2025","passed","Mon Jun 16 16:42:19 GMT+07:00 2025","","test_0001_part4_6","",""
"","1097","test_show_isis_neighbor_part4_2[DUT2]","function_autotests.part004.part004.02","Mon Jun 16 16:37:13 GMT+07:00 2025","passed","Mon Jun 16 16:37:14 GMT+07:00 2025","","test_0003_part4_2","",""
"","1163","Проверка вывода команды show isis interface statistic","function_autotests.part004.part004.02","Mon Jun 16 16:37:20 GMT+07:00 2025","passed","Mon Jun 16 16:37:21 GMT+07:00 2025","","test_0005_part4_2","",""
"","6328","Загрузка конфигурации на ME маршрутизатор","function_autotests.part001","Mon Jun 16 16:21:40 GMT+07:00 2025","passed","Mon Jun 16 16:21:46 GMT+07:00 2025","","test_0001_part1","",""
"","711","В данном тесте будем проверять вывод команды show interface description","function_autotests.part002","Mon Jun 16 16:24:14 GMT+07:00 2025","passed","Mon Jun 16 16:24:14 GMT+07:00 2025","","test_0010_part2","",""
"","935","Проверка вывода команды show mpls ldp binding local","function_autotests.part004.part004.06","Mon Jun 16 16:43:25 GMT+07:00 2025","passed","Mon Jun 16 16:43:26 GMT+07:00 2025","","test_0003_part4_6","",""
"","701","В данном тесте будем проверять вывод команды show system","function_autotests.part002","Mon Jun 16 16:24:06 GMT+07:00 2025","passed","Mon Jun 16 16:24:07 GMT+07:00 2025","","test_0006_part2","",""
"","1074","В данном тесте будем проверять вывод команды show interface status","function_autotests.part002","Mon Jun 16 16:24:17 GMT+07:00 2025","passed","Mon Jun 16 16:24:18 GMT+07:00 2025","","test_0011_part2","",""
"","41177","В данном тесте будем проверять частоту обновления arp-таблицы","function_autotests.part002","Mon Jun 16 16:24:34 GMT+07:00 2025","passed","Mon Jun 16 16:25:15 GMT+07:00 2025","","test_0017_part2","",""
"","519","В данном тесте будем  проверять доступность маршрутизатора по протоколу Telnet","function_autotests.part001","Mon Jun 16 16:22:37 GMT+07:00 2025","passed","Mon Jun 16 16:22:38 GMT+07:00 2025","","test_0003_part1","",""
"","9448","Проверка базового функционала ECMP","function_autotests.part021.part021.3","Mon Jun 16 17:14:17 GMT+07:00 2025","passed","Mon Jun 16 17:14:26 GMT+07:00 2025","","test_0003_part21_3","",""
"","1266","В данном тесте будем проверять вывод команды show interface utilization","function_autotests.part002","Mon Jun 16 16:24:21 GMT+07:00 2025","passed","Mon Jun 16 16:24:23 GMT+07:00 2025","","test_0012_part2","",""
"","1551","В данном тесте будем  проверять доступность маршрутизатора по протоколу SSH","function_autotests.part001","Mon Jun 16 16:22:38 GMT+07:00 2025","passed","Mon Jun 16 16:22:40 GMT+07:00 2025","","test_0004_part1","",""
"","18049","Загрузка конфигурации на ME маршрутизатор","function_autotests.part004.part004.06","Mon Jun 16 16:42:19 GMT+07:00 2025","passed","Mon Jun 16 16:42:37 GMT+07:00 2025","","test_0001_part4_6","",""
"","61084","test_show_isis_neighbor_part4_2[DUT0]","function_autotests.part004.part004.02","Mon Jun 16 16:36:11 GMT+07:00 2025","passed","Mon Jun 16 16:37:12 GMT+07:00 2025","","test_0003_part4_2","",""
"","1151","Проверка вывода команды show isis interface statistic","function_autotests.part004.part004.02","Mon Jun 16 16:37:18 GMT+07:00 2025","passed","Mon Jun 16 16:37:19 GMT+07:00 2025","","test_0005_part4_2","",""
"","664","Проверка вывода команды show route isis ipv6","function_autotests.part004.part004.02","Mon Jun 16 16:37:24 GMT+07:00 2025","passed","Mon Jun 16 16:37:25 GMT+07:00 2025","","test_0007_part4_2","",""
"","15","В данном тесте будем проверять вывод команды snmpwalk при взаимодействии с маршрутизатором ME","function_autotests.part002","Mon Jun 16 16:24:04 GMT+07:00 2025","passed","Mon Jun 16 16:24:04 GMT+07:00 2025","","test_0005_part2","",""
"","5180","В данном тесте будем  проверять IP связность с P2P соседями маршрутизатора","function_autotests.part001","Mon Jun 16 16:22:43 GMT+07:00 2025","passed","Mon Jun 16 16:22:48 GMT+07:00 2025","","test_0005_part1","",""
"","1335","В данном тесте будем проверять вывод команды show firmware","function_autotests.part002","Mon Jun 16 16:24:23 GMT+07:00 2025","passed","Mon Jun 16 16:24:24 GMT+07:00 2025","","test_0013_part2","",""
"","208175","Проверка балансировки L3VPN IGP: OSPF трафика между интерфейсами с отключением интерфейсов","function_autotests.part021.part021.3","Mon Jun 16 17:23:52 GMT+07:00 2025","passed","Mon Jun 16 17:27:20 GMT+07:00 2025","","test_0005_part21_3","",""
"","3153","В данном тесте будем тестировать banner motd и banner login для ssh-соединения при выключенном tacacs-сервере","function_autotests.part002","Mon Jun 16 16:26:56 GMT+07:00 2025","passed","Mon Jun 16 16:26:59 GMT+07:00 2025","","test_0019_part2","",""
"","10","В данном тесте будем проверять вывод команды snmpwalk при взаимодействии с маршрутизатором ME","function_autotests.part002","Mon Jun 16 16:24:04 GMT+07:00 2025","passed","Mon Jun 16 16:24:04 GMT+07:00 2025","","test_0005_part2","",""
"","41005","Проверка балансировки IGP: OSPF трафика между интерфейсами","function_autotests.part021.part021.2","Mon Jun 16 17:00:58 GMT+07:00 2025","passed","Mon Jun 16 17:01:39 GMT+07:00 2025","","test_0004_part21_2","",""
"","34637","Загрузка конфигурации на ME маршрутизатор","function_autotests.part021.part021.2","Mon Jun 16 16:57:19 GMT+07:00 2025","passed","Mon Jun 16 16:57:54 GMT+07:00 2025","","test_0001_part21_2","",""
"","9717","Проверка базового функционала ECMP","function_autotests.part021.part021.2","Mon Jun 16 16:59:17 GMT+07:00 2025","passed","Mon Jun 16 16:59:27 GMT+07:00 2025","","test_0003_part21_2","",""
"","6169","Загрузка конфигурации на ME маршрутизатор","function_autotests.part001","Mon Jun 16 16:21:46 GMT+07:00 2025","passed","Mon Jun 16 16:21:53 GMT+07:00 2025","","test_0001_part1","",""
"","12433","Загрузка конфигурации на ME маршрутизатор","function_autotests.part004.part004.02","Mon Jun 16 16:35:01 GMT+07:00 2025","passed","Mon Jun 16 16:35:13 GMT+07:00 2025","","test_0001_part4_2","",""
"","11599","В данном тесте будем выполнять команду-маркер на ME маршрутизаторе, а затем искать её в журнале выполненных команд syslog-сервера","function_autotests.part002","Mon Jun 16 16:23:51 GMT+07:00 2025","passed","Mon Jun 16 16:24:02 GMT+07:00 2025","","test_0003_part2","",""
"","9360","Проверка базового функционала ECMP","function_autotests.part021.part021.3","Mon Jun 16 17:14:26 GMT+07:00 2025","passed","Mon Jun 16 17:14:36 GMT+07:00 2025","","test_0003_part21_3","",""
"","6798","Загрузка конфигурации на ME маршрутизатор","function_autotests.part002","Mon Jun 16 16:22:59 GMT+07:00 2025","passed","Mon Jun 16 16:23:06 GMT+07:00 2025","","test_0001_part2","",""
"","714","test_upgrade_me","function_autotests.part000","Mon Jun 16 16:21:33 GMT+07:00 2025","passed","Mon Jun 16 16:21:34 GMT+07:00 2025","","test_0002_part0","",""
"","28775","Загрузка конфигурации на ME маршрутизатор","function_autotests.part004.part004.04","Mon Jun 16 16:38:15 GMT+07:00 2025","passed","Mon Jun 16 16:38:44 GMT+07:00 2025","","test_0001_part4_4","",""
"","728","В данном тесте проверяется show process cpu","function_autotests.part002","Mon Jun 16 16:33:36 GMT+07:00 2025","passed","Mon Jun 16 16:33:37 GMT+07:00 2025","","test_0024_part2","",""
"","2619","Выполнение команды lfa exclude на интерфейсе int1 и проверка вывода команды show route isis","function_autotests.part004.part004.04","Mon Jun 16 16:41:33 GMT+07:00 2025","passed","Mon Jun 16 16:41:36 GMT+07:00 2025","","test_0005_part4_4","",""
"","745","Проверка вывода команды show route isis при включённом функционале LFA","function_autotests.part004.part004.04","Mon Jun 16 16:41:07 GMT+07:00 2025","passed","Mon Jun 16 16:41:08 GMT+07:00 2025","","test_0003_part4_4","",""
"","41033","Проверка балансировки IGP: OSPF трафика между интерфейсами","function_autotests.part021.part021.2","Mon Jun 16 16:59:36 GMT+07:00 2025","passed","Mon Jun 16 17:00:17 GMT+07:00 2025","","test_0004_part21_2","",""
"","655","В данном тесте будем проверять вывод команды show users","function_autotests.part002","Mon Jun 16 16:24:28 GMT+07:00 2025","passed","Mon Jun 16 16:24:29 GMT+07:00 2025","","test_0015_part2","",""
"","1120","test_show_isis_neighbor_part4_2[DUT1]","function_autotests.part004.part004.02","Mon Jun 16 16:37:12 GMT+07:00 2025","passed","Mon Jun 16 16:37:13 GMT+07:00 2025","","test_0003_part4_2","",""
"","6401","Загрузка конфигурации на ME маршрутизатор","function_autotests.part002","Mon Jun 16 16:23:06 GMT+07:00 2025","passed","Mon Jun 16 16:23:12 GMT+07:00 2025","","test_0001_part2","",""
"","9638","Загрузка конфигурации на ME маршрутизатор","function_autotests.part003","Mon Jun 16 16:33:56 GMT+07:00 2025","passed","Mon Jun 16 16:34:05 GMT+07:00 2025","","test_0001_part3","",""
"","1113","В данном тесте проверяется show processes memory","function_autotests.part002","Mon Jun 16 16:33:35 GMT+07:00 2025","passed","Mon Jun 16 16:33:36 GMT+07:00 2025","","test_0023_part2","",""
"","76767","Загрузка конфигурации на ME маршрутизатор","function_autotests.part021.part021.3","Mon Jun 16 17:10:17 GMT+07:00 2025","passed","Mon Jun 16 17:11:34 GMT+07:00 2025","","test_0001_part21_3","",""
"","1388","В данном тесте будем проверять вывод команды show firmware","function_autotests.part002","Mon Jun 16 16:24:24 GMT+07:00 2025","passed","Mon Jun 16 16:24:25 GMT+07:00 2025","","test_0013_part2","",""
"","15813","Проверка вывода команды show mpls ldp neighbor","function_autotests.part004.part004.06","Mon Jun 16 16:43:09 GMT+07:00 2025","passed","Mon Jun 16 16:43:25 GMT+07:00 2025","","test_0002_part4_6","",""
"","3153","В данном тесте будем тестировать banner motd и banner login для ssh-соединения при выключенном tacacs-сервере","function_autotests.part002","Mon Jun 16 16:27:02 GMT+07:00 2025","passed","Mon Jun 16 16:27:06 GMT+07:00 2025","","test_0019_part2","",""
"","866","Проверка вывода команды show route","function_autotests.part004.part004.02","Mon Jun 16 16:37:22 GMT+07:00 2025","passed","Mon Jun 16 16:37:23 GMT+07:00 2025","","test_0006_part4_2","",""
"","835","Проверка вывода команды show route","function_autotests.part004.part004.02","Mon Jun 16 16:37:23 GMT+07:00 2025","passed","Mon Jun 16 16:37:24 GMT+07:00 2025","","test_0006_part4_2","",""
"","2433","В данном тесте будем проверять формирование backup-файла конфигурации ME маршрутизатора на TFTP сервере","function_autotests.part002","Mon Jun 16 16:23:22 GMT+07:00 2025","passed","Mon Jun 16 16:23:24 GMT+07:00 2025","","test_0002_part2","",""
"","589","В данном тесте будем проверять вывод команды show users","function_autotests.part002","Mon Jun 16 16:24:30 GMT+07:00 2025","passed","Mon Jun 16 16:24:30 GMT+07:00 2025","","test_0015_part2","",""
"","1823","В данном тесте будем  проверять вывод комнады show lldp statistic","function_autotests.part003","Mon Jun 16 16:34:14 GMT+07:00 2025","passed","Mon Jun 16 16:34:15 GMT+07:00 2025","","test_0003_part3","",""
"","2044","В данном тесте будем  проверять вывод комнады show lldp interface","function_autotests.part003","Mon Jun 16 16:34:31 GMT+07:00 2025","passed","Mon Jun 16 16:34:33 GMT+07:00 2025","","test_0006_part3","",""
"","819","В данном тесте будем проверять вывод команды show system environment","function_autotests.part002","Mon Jun 16 16:24:11 GMT+07:00 2025","passed","Mon Jun 16 16:24:12 GMT+07:00 2025","","test_0008_part2","",""
"","12405","В данном тесте будем выполнять команду-маркер на ME маршрутизаторе, а затем искать её в журнале выполненных команд syslog-сервера","function_autotests.part002","Mon Jun 16 16:23:27 GMT+07:00 2025","passed","Mon Jun 16 16:23:39 GMT+07:00 2025","","test_0003_part2","",""
"","25216","Проверка базового функционала ECMP","function_autotests.part021.part021.1","Mon Jun 16 16:45:31 GMT+07:00 2025","passed","Mon Jun 16 16:45:56 GMT+07:00 2025","","test_0003_part21_1","",""
"","12155","Проверка вывода команды show route isis ipv6","function_autotests.part004.part004.02","Mon Jun 16 16:37:25 GMT+07:00 2025","passed","Mon Jun 16 16:37:37 GMT+07:00 2025","","test_0007_part4_2","",""
"","2132","В данном тесте будем проверять работу arp-proxy","function_autotests.part002","Mon Jun 16 16:26:54 GMT+07:00 2025","passed","Mon Jun 16 16:26:56 GMT+07:00 2025","","test_0018_part2","",""
"","181112","Проверка балансировки IGP: ISIS трафика между интерфейсами с отключением интерфейсов","function_autotests.part021.part021.1","Mon Jun 16 16:51:13 GMT+07:00 2025","passed","Mon Jun 16 16:54:14 GMT+07:00 2025","","test_0005_part21_1","",""
"","4633","Загрузка конфигурации на ME маршрутизатор","function_autotests.part000","Mon Jun 16 16:20:43 GMT+07:00 2025","passed","Mon Jun 16 16:20:48 GMT+07:00 2025","","test_0001_part0","",""
"","1799","В данном тесте будем  проверять вывод комнады show lldp neighbors","function_autotests.part003","Mon Jun 16 16:34:19 GMT+07:00 2025","passed","Mon Jun 16 16:34:21 GMT+07:00 2025","","test_0004_part3","",""
"","15828","Проверка вывода команды show mpls ldp neighbor","function_autotests.part004.part004.06","Mon Jun 16 16:42:53 GMT+07:00 2025","passed","Mon Jun 16 16:43:09 GMT+07:00 2025","","test_0002_part4_6","",""
"","929","Проверка вывода команды show mpls ldp binding local","function_autotests.part004.part004.06","Mon Jun 16 16:43:26 GMT+07:00 2025","passed","Mon Jun 16 16:43:27 GMT+07:00 2025","","test_0003_part4_6","",""
"","633","Проверка вывода команды show mpls ldp forwarding","function_autotests.part004.part004.06","Mon Jun 16 16:43:30 GMT+07:00 2025","passed","Mon Jun 16 16:43:31 GMT+07:00 2025","","test_0005_part4_6","",""
"","18929","Загрузка конфигурации на ME маршрутизатор","function_autotests.part004.part004.04","Mon Jun 16 16:37:39 GMT+07:00 2025","passed","Mon Jun 16 16:37:58 GMT+07:00 2025","","test_0001_part4_4","",""
"","2509","В данном тесте будем проверять формирование backup-файла конфигурации ME маршрутизатора на TFTP сервере","function_autotests.part002","Mon Jun 16 16:23:24 GMT+07:00 2025","passed","Mon Jun 16 16:23:27 GMT+07:00 2025","","test_0002_part2","",""
"","6645","Загрузка конфигурации на ME маршрутизатор","function_autotests.part001","Mon Jun 16 16:21:34 GMT+07:00 2025","passed","Mon Jun 16 16:21:40 GMT+07:00 2025","","test_0001_part1","",""
"","700","В данном тесте будем проверять вывод команды show interface description","function_autotests.part002","Mon Jun 16 16:24:15 GMT+07:00 2025","passed","Mon Jun 16 16:24:16 GMT+07:00 2025","","test_0010_part2","",""
"","637","В данном тесте будем проверять вывод команды show users","function_autotests.part002","Mon Jun 16 16:24:29 GMT+07:00 2025","passed","Mon Jun 16 16:24:30 GMT+07:00 2025","","test_0015_part2","",""
"","1832","В данном тесте будем  проверять вывод комнады show lldp statistic","function_autotests.part003","Mon Jun 16 16:34:12 GMT+07:00 2025","passed","Mon Jun 16 16:34:14 GMT+07:00 2025","","test_0003_part3","",""
"","8176","В данном тесте будем проверять работу arp-proxy","function_autotests.part002","Mon Jun 16 16:26:46 GMT+07:00 2025","passed","Mon Jun 16 16:26:54 GMT+07:00 2025","","test_0018_part2","",""
"","2258","В данном тесте будем  проверять вывод комнады show lldp interface","function_autotests.part003","Mon Jun 16 16:34:33 GMT+07:00 2025","passed","Mon Jun 16 16:34:35 GMT+07:00 2025","","test_0006_part3","",""
"","5278","В данном тесте будем  проверять IP связность с P2P соседями маршрутизатора","function_autotests.part001","Mon Jun 16 16:22:54 GMT+07:00 2025","passed","Mon Jun 16 16:22:59 GMT+07:00 2025","","test_0005_part1","",""
"","655","Проверка вывода команды show route isis ipv6","function_autotests.part004.part004.02","Mon Jun 16 16:37:37 GMT+07:00 2025","passed","Mon Jun 16 16:37:37 GMT+07:00 2025","","test_0007_part4_2","",""
"","1167","Проверка вывода команды show isis interface statistic","function_autotests.part004.part004.02","Mon Jun 16 16:37:19 GMT+07:00 2025","passed","Mon Jun 16 16:37:20 GMT+07:00 2025","","test_0005_part4_2","",""
"","8834","Загрузка конфигурации на ME маршрутизатор","function_autotests.part003","Mon Jun 16 16:33:39 GMT+07:00 2025","passed","Mon Jun 16 16:33:47 GMT+07:00 2025","","test_0001_part3","",""
"","141726","Загрузка конфигурации на Juniper маршрутизатор","function_autotests.part004.part004.04","Mon Jun 16 16:38:44 GMT+07:00 2025","passed","Mon Jun 16 16:41:06 GMT+07:00 2025","","test_0002_part4_4","",""
"","5190","Проверка базового функционала ECMP","function_autotests.part021.part021.1","Mon Jun 16 16:46:02 GMT+07:00 2025","passed","Mon Jun 16 16:46:07 GMT+07:00 2025","","test_0003_part21_1","",""
"","44133","Загрузка конфигурации на Juniper маршрутизатор","function_autotests.part001","Mon Jun 16 16:21:53 GMT+07:00 2025","passed","Mon Jun 16 16:22:37 GMT+07:00 2025","","test_0002_part1","",""
"","744","Проверка вывода команды show route isis при включённом функционале LFA","function_autotests.part004.part004.04","Mon Jun 16 16:41:06 GMT+07:00 2025","passed","Mon Jun 16 16:41:07 GMT+07:00 2025","","test_0003_part4_4","",""
"","6444","Загрузка конфигурации на ME маршрутизатор","function_autotests.part002","Mon Jun 16 16:23:12 GMT+07:00 2025","passed","Mon Jun 16 16:23:18 GMT+07:00 2025","","test_0001_part2","",""
"","667","Проверка вывода команды show route rib summary точное кол-во различных типов маршрутов НЕ проверяется, т.к. оно отличается у разных рутеров тестового стенда","function_autotests.part004.part004.02","Mon Jun 16 16:37:38 GMT+07:00 2025","passed","Mon Jun 16 16:37:39 GMT+07:00 2025","","test_0008_part4_2","",""
"","628","В данном тесте будем проверять вывод команды show ntp associations","function_autotests.part002","Mon Jun 16 16:24:03 GMT+07:00 2025","passed","Mon Jun 16 16:24:04 GMT+07:00 2025","","test_0004_part2","",""
"","1544","В данном тесте будем  проверять доступность маршрутизатора по протоколу SSH","function_autotests.part001","Mon Jun 16 16:22:41 GMT+07:00 2025","passed","Mon Jun 16 16:22:43 GMT+07:00 2025","","test_0004_part1","",""
"","1268","В данном тесте будем проверять функционал ARP","function_autotests.part002","Mon Jun 16 16:24:32 GMT+07:00 2025","passed","Mon Jun 16 16:24:33 GMT+07:00 2025","","test_0016_part2","",""
"","15825","Проверка вывода команды show mpls ldp neighbor","function_autotests.part004.part004.06","Mon Jun 16 16:42:37 GMT+07:00 2025","passed","Mon Jun 16 16:42:53 GMT+07:00 2025","","test_0002_part4_6","",""
"","1251","В данном тесте будем проверять вывод команды show interface utilization","function_autotests.part002","Mon Jun 16 16:24:19 GMT+07:00 2025","passed","Mon Jun 16 16:24:20 GMT+07:00 2025","","test_0012_part2","",""
"","2078","В данном тесте будем  проверять вывод комнады show lldp neighbors detail","function_autotests.part003","Mon Jun 16 16:34:25 GMT+07:00 2025","passed","Mon Jun 16 16:34:27 GMT+07:00 2025","","test_0005_part3","",""
"","515","В данном тесте будем  проверять доступность маршрутизатора по протоколу Telnet","function_autotests.part001","Mon Jun 16 16:22:38 GMT+07:00 2025","passed","Mon Jun 16 16:22:38 GMT+07:00 2025","","test_0003_part1","",""
"","1131","Проверка вывода команды show isis interface","function_autotests.part004.part004.02","Mon Jun 16 16:37:17 GMT+07:00 2025","passed","Mon Jun 16 16:37:18 GMT+07:00 2025","","test_0004_part4_2","",""
"","543","В данном тесте будем проверять вывод команды show privilege","function_autotests.part002","Mon Jun 16 16:24:28 GMT+07:00 2025","passed","Mon Jun 16 16:24:28 GMT+07:00 2025","","test_0014_part2","",""
"","655","Проверка вывода команды show mpls ldp parameters","function_autotests.part004.part004.06","Mon Jun 16 16:43:34 GMT+07:00 2025","passed","Mon Jun 16 16:43:34 GMT+07:00 2025","","test_0006_part4_6","",""
